Person,Total Gross,# Movies,Average,#1 Picture,Gross
Marc Abraham,$6.10 ,2,$3.00 ,Flash of Genius,$4.40 
Jim Abrahams,$348.00 ,8,$43.50 ,Airplane!,$83.50 
J.J. Abrams,"$1,684.20 ",5,$336.80 ,Star Wars: The Force Awakens,$936.70 
Andrew Adamson,"$1,154.70 ",6,$192.50 ,Shrek 2,$441.20 
Gilbert Adler,$5.80 ,1,$5.80 ,Bordello of Blood,$5.80 
Ben Affleck,$258.90 ,4,$64.70 ,Argo,$136.00 
Casey Affleck,$409k,1,$409k,I'm Still Here,$409k
Salim Akil,$61.70 ,2,$30.80 ,Jumping the Broom,$37.30 
Tomas Alfredson,$33.00 ,3,$11.00 ,"Tinker, Tailor, Soldier, Spy",$24.10 
Tim Allen,$88.3k,1,$88.3k,Crazy on the Outside,$88.3k
Woody Allen,$591.40 ,44,$13.40 ,Midnight in Paris,$56.80 
Elizabeth Allen (II),$44.80 ,2,$22.40 ,Ramona and Beezus,$26.20 
Pedro Almodovar,$64.70 ,15,$4.30 ,Volver,$12.90 
Robert Altman,$277.70 ,20,$13.90 ,M.A.S.H.,$81.60 
Fede Alvarez,$143.50 ,2,$71.70 ,Don't Breathe,$89.20 
Christian Alvart,$23.60 ,2,$11.80 ,Case 39,$13.30 
Alejandro Amenabar,$99.70 ,5,$19.90 ,The Others,$96.50 
Hossein Amini,$507k,1,$507k,The Two Faces of January,$507k
Sean Anders,$354.20 ,6,$59.00 ,Daddy's Home,$150.40 
Brad Anderson,$59.60 ,7,$8.50 ,The Call,$51.90 
Paul Thomas Anderson,$152.70 ,8,$19.10 ,There Will Be Blood,$40.20 
Paul W.S. Anderson,$441.30 ,12,$36.80 ,Alien Vs. Predator,$80.30 
Wes Anderson,$260.20 ,9,$28.90 ,The Grand Budapest Hotel,$59.30 
Mark Andrews,$237.30 ,1,$237.30 ,Brave,$237.30 
Graham Annable,$50.80 ,1,$50.80 ,The Boxtrolls,$50.80 
Jean-Jacques Annaud,$188.60 ,9,$21.00 ,Enemy at the Gates,$51.40 
Nimród Antal,$91.00 ,5,$18.20 ,Predators,$52.00 
Steven Antin,$39.40 ,1,$39.40 ,Burlesque,$39.40 
Judd Apatow,$488.60 ,6,$81.40 ,Knocked Up,$148.80 
Michael Apted,$574.90 ,18,$31.90 ,World Is Not Enough,$126.90 
Gregg Araki,$2.00 ,7,$292k,Mysterious Skin,$713k
Gillian Armstrong,$57.90 ,6,$9.70 ,Little Women (1994),$50.10 
Vic Armstrong,$14.00 ,1,$14.00 ,Left Behind,$14.00 
Darren Aronofsky,$269.20 ,7,$38.50 ,Black Swan,$107.00 
Guillermo Arriaga,$233k,2,$116k,The Burning Plain,$201k
Miguel Arteta,$111.30 ,7,$15.90 ,Alexander,$67.00 
Kelly Asbury,$659.50 ,4,$164.90 ,Shrek 2,$441.20 
Jacques Audiard,$5.40 ,4,$1.40 ,A Prophet (Un prophète),$2.10 
John August,$63.2k,1,$63.2k,The Nines,$63.2k
David Ayer,$492.20 ,6,$82.00 ,Suicide Squad,$325.10 
Kevin Bacon,$97.4k,2,$48.7k,Losing Chase,$64.2k
Wes Ball,$242.20 ,3,$80.70 ,The Maze Runner,$102.40 
Elizabeth Banks,$184.30 ,1,$184.30 ,Pitch Perfect 2,$184.30 
Ernie Barbarash,$11.8k,1,$11.8k,Falcon Rising,$11.8k
Daniel Barnz,$35.10 ,3,$11.70 ,Beastly,$27.90 
Drew Barrymore,$13.00 ,1,$13.00 ,Whip It,$13.00 
Andrzej Bartkowiak,$179.40 ,5,$35.90 ,Romeo Must Die,$56.00 
Michael J. Bassett,$17.50 ,1,$17.50 ,Silent Hill 2,$17.50 
Jason Bateman,$8.00 ,2,$4.00 ,Bad Words,$7.80 
Zal Batmanglij,$2.70 ,2,$1.40 ,The East,$2.30 
Noah Baumbach,$28.90 ,9,$3.20 ,While We're Young,$7.60 
Michael Bay,"$2,326.50 ",13,$179.00 ,Transformers 2,$402.10 
J.A. Bayona,$29.90 ,3,$10.00 ,The Impossible,$19.00 
Stuart Beattie,$19.10 ,2,$9.50 ,"I, Frankenstein",$19.10 
Warren Beatty,$255.90 ,5,$51.20 ,Dick Tracy,$103.70 
Timur Bekmambetov,$200.40 ,5,$40.10 ,Wanted,$134.50 
Lake Bell,$3.20 ,2,$1.60 ,In a World,$3.00 
William Brent Bell,$112.20 ,3,$37.40 ,The Devil Inside,$53.30 
Jessica Bendinger,$26.90 ,1,$26.90 ,Stick It,$26.90 
Roberto Benigni,$62.50 ,5,$12.50 ,Life Is Beautiful,$57.60 
Ned Benson,$588k,1,$588k,The Disappearance of Eleanor Rigby,$588k
Robert Benton,$231.80 ,9,$25.80 ,Kramer Vs. Kramer,$106.30 
Peter Berg,$678.20 ,9,$75.40 ,Hancock,$227.90 
Greg Berlanti,$95.70 ,3,$31.90 ,Life as We Know It,$53.40 
Luc Besson,$327.00 ,12,$27.30 ,Lucy,$126.70 
Thomas Bezucha,$83.80 ,3,$27.90 ,The Family Stone,$60.10 
Kathryn Bigelow,$227.60 ,9,$25.30 ,Zero Dark Thirty,$95.70 
Mike Binder,$83.30 ,6,$13.90 ,Black or White,$21.60 
Brad Bird,$793.90 ,5,$158.80 ,The Incredibles,$261.40 
Dustin Lance Black,$12.7k,1,$12.7k,Virginia,$12.7k
Shane Black,$449.50 ,3,$149.80 ,Iron Man 3,$409.00 
Neill Blomkamp,$240.30 ,3,$80.10 ,District 9,$115.60 
Don Bluth,$230.90 ,9,$25.70 ,Anastasia,$58.40 
Anna Boden,$7.60 ,3,$2.50 ,It's Kind of a Funny Story,$6.40 
Uwe Boll,$22.60 ,4,$5.70 ,House of the Dead,$10.20 
Josh Boone,$125.00 ,2,$62.50 ,The Fault in our Stars,$124.90 
Ole Bornedal,$50.60 ,4,$12.60 ,The Possession,$49.10 
Darren Lynn Bousman,$230.80 ,5,$46.20 ,Saw II,$87.00 
David Bowers,$206.70 ,5,$41.30 ,Flushed Away,$64.70 
Rob Bowman,$154.20 ,4,$38.60 ,X-Files,$83.90 
Danny Boyle,$300.20 ,12,$25.00 ,Slumdog Millionaire,$141.30 
Dan Bradley,$44.80 ,1,$44.80 ,Red Dawn (2012),$44.80 
Tom Brady,$51.00 ,3,$17.00 ,The Hot Chick,$35.10 
Zach Braff,$75.40 ,3,$25.10 ,Going in Style (2017),$45.00 
Kenneth Branagh,$638.20 ,13,$49.10 ,Cinderella,$201.20 
Martin Brest,$413.80 ,6,$69.00 ,Beverly Hills Cop,$234.80 
Craig Brewer,$83.40 ,3,$27.80 ,Footloose,$51.80 
Steven Brill,$274.50 ,6,$45.80 ,Mr. Deeds,$126.30 
Jeremy Brock,$240k,1,$240k,Driving Lessons,$240k
Adam Brooks,$32.40 ,3,$10.80 ,"Definitely, Maybe",$32.20 
Albert Brooks,$61.40 ,7,$8.80 ,Mother (1996),$19.10 
James L. Brooks,$391.50 ,6,$65.30 ,As Good as It Gets,$148.50 
Mel Brooks,$393.60 ,10,$39.40 ,Blazing Saddles,$119.60 
Mark Brown,$22.40 ,2,$11.20 ,Two Can Play That Game,$22.20 
Pieter Jan Brugge,$5.80 ,1,$5.80 ,The Clearing,$5.80 
Cal Brunker,$85.40 ,2,$42.70 ,Escape From Planet Earth,$57.00 
Chris Buck,$630.70 ,3,$210.20 ,Frozen,$400.70 
Neil Burger,$270.40 ,5,$54.10 ,Divergent,$150.90 
Edward Burns,$188k,4,$47.1k,The Groomsmen,$129k
Nanette Burstein,$20.20 ,4,$5.10 ,Going the Distance,$17.80 
Tim Burton,"$1,840.20 ",18,$102.20 ,Alice in Wonderland,$334.20 
Jez Butterworth,$5.10 ,1,$5.10 ,Birthday Girl,$5.10 
Nicolas Cage,$30.0k,1,$30.0k,Sonny,$30.0k
Mike Cahill,$1.30 ,1,$1.30 ,Another Earth,$1.30 
James Cameron,"$1,976.00 ",9,$219.60 ,Avatar,$760.50 
Martin Campbell,$714.10 ,12,$59.50 ,Casino Royale,$167.40 
Jane Campion,$56.80 ,7,$8.10 ,The Piano,$40.20 
Joe Carnahan,$175.10 ,4,$43.80 ,The A-Team,$77.20 
Niki Caro,$101.20 ,4,$25.30 ,"McFarland, USA",$44.50 
John Carpenter,$288.50 ,15,$19.20 ,Halloween,$47.00 
Steve Carr,$507.40 ,7,$72.50 ,Paul Blart: Mall Cop,$146.30 
Thomas Carter,$226.10 ,5,$45.20 ,Save the Last Dance,$91.10 
D.J. Caruso,$340.50 ,8,$42.60 ,Eagle Eye,$101.40 
Nick Cassavetes,$308.70 ,7,$44.10 ,The Other Woman,$83.90 
Michael Caton-Jones,$210.20 ,9,$23.40 ,The Jackal,$54.90 
Joseph Cedar,$2.10 ,3,$715k,Footnote,$2.00 
Justin Chadwick,$37.90 ,4,$9.50 ,The Other Boleyn Girl,$26.80 
Jackie Chan,$136k,1,$136k,1911,$136k
J.C. Chandor,$17.40 ,3,$5.80 ,All Is Lost,$6.30 
Jay Chandrasekhar,$148.50 ,6,$24.70 ,The Dukes of Hazzard,$80.30 
Brenda Chapman,$338.70 ,2,$169.30 ,Brave,$237.30 
Larry Charles,$261.80 ,5,$52.40 ,Borat,$128.50 
David Chase,$611k,1,$611k,Not Fade Away,$611k
Damien Chazelle,$164.20 ,3,$54.70 ,La La Land,$151.10 
Stephen Chbosky,$150.20 ,2,$75.10 ,Wonder,$132.40 
Don Cheadle,$2.60 ,1,$2.60 ,Miles Ahead,$2.60 
Peter Chelsom,$211.00 ,9,$23.40 ,Hannah Montana The Movie,$79.60 
Lisa Cholodenko,$26.40 ,3,$8.80 ,The Kids Are All Right,$20.80 
Sylvain Chomet,$9.20 ,2,$4.60 ,The Triplets of Belleville,$7.00 
Christian E. Christiansen,$37.30 ,1,$37.30 ,The Roommate,$37.30 
Jon Chu,$369.40 ,7,$52.80 ,G.I. Joe: Retaliation,$122.50 
Derek Cianfrance,$43.70 ,3,$14.60 ,The Place Beyond the Pines,$21.40 
Michael Cimino,$101.00 ,7,$14.40 ,The Deer Hunter,$49.00 
George Clooney,$203.70 ,6,$34.00 ,The Monuments Men,$78.00 
Ethan Coen,$402.50 ,8,$50.30 ,True Grit,$171.20 
Joel Coen,$573.70 ,18,$31.90 ,True Grit,$171.20 
Pierre Coffin,"$1,220.20 ",4,$305.10 ,Despicable Me 2,$368.10 
Andrew J. Cohen,$25.60 ,1,$25.60 ,The House,$25.60 
Etan Cohen,$90.40 ,1,$90.40 ,Get Hard,$90.40 
Rob Cohen,$644.50 ,13,$49.60 ,Fast and the Furious,$144.50 
Jaume Collet-Serra,$347.70 ,8,$43.50 ,Non-Stop,$92.20 
Chris Columbus,"$1,750.30 ",15,$116.70 ,Harry Potter / Sorcerer's Stone,$317.60 
Bill Condon,"$1,232.60 ",9,$137.00 ,Beauty and the Beast,$504.00 
Steve Conrad,$409k,1,$409k,The Promotion,$409k
Ryan Coogler,$819.10 ,3,$273.00 ,Black Panther,$693.20 
Barry Cook,$156.70 ,2,$78.30 ,Mulan,$120.60 
Greg Coolidge,$28.40 ,1,$28.40 ,Employee of the Month,$28.40 
Martha Coolidge,$135.70 ,11,$12.30 ,Out to Sea,$29.00 
Scott Cooper,$143.20 ,4,$35.80 ,Black Mass,$62.60 
Roman Coppola,$460k,2,$230k,CQ,$414k
Sofia Coppola,$83.80 ,6,$14.00 ,Lost in Translation,$44.60 
Frank Coraci,$575.00 ,7,$82.10 ,Waterboy,$161.50 
Anton Corbijn,$53.70 ,3,$17.90 ,The American,$35.60 
Joe Cornish,$1.00 ,1,$1.00 ,Attack the Block,$1.00 
Rodrigo Cortes,$1.10 ,2,$548k,Buried,$1.00 
Kevin Costner,$348.40 ,4,$87.10 ,Dances with Wolves,$184.20 
Allen Coulter,$33.50 ,2,$16.70 ,Remember Me,$19.10 
Courteney Cox,$11.0k,1,$11.0k,Just Before I Go,$11.0k
Wes Craven,$579.50 ,16,$36.20 ,Scream,$103.00 
Eran Creevy,$2.30 ,2,$1.10 ,Collide,$2.30 
Cameron Crowe,$450.40 ,9,$50.00 ,Jerry Maguire,$154.00 
Russell Crowe,$4.20 ,1,$4.20 ,The Water Diviner,$4.20 
John Crowley,$47.10 ,5,$9.40 ,Brooklyn,$38.30 
Alfonso Cuaron,$609.50 ,7,$87.10 ,Gravity,$274.10 
Jonas Cuaron,$2.00 ,1,$2.00 ,Desierto,$2.00 
Ice Cube,$23.00 ,1,$23.00 ,Players Club,$23.00 
Michael Cuesta,$39.90 ,5,$8.00 ,American Assassin,$36.20 
John Curran,$29.00 ,6,$4.80 ,Chappaquiddick,$16.50 
R.J. Cutler,$54.30 ,2,$27.10 ,If I Stay,$50.50 
Dinesh D'Souza,$61.00 ,3,$20.30 ,2016 Obama's America,$33.40 
John Dahl,$68.90 ,8,$8.60 ,Rounders,$22.90 
Stephen Daldry,$129.70 ,5,$25.90 ,The Hours,$41.70 
Lee Daniels,$165.30 ,4,$41.30 ,The Butler,$116.60 
Frank Darabont,$218.50 ,4,$54.60 ,Green Mile,$136.80 
Eric Darnell,$764.10 ,5,$152.80 ,Madagascar 3,$216.40 
Andrew Davis,$571.80 ,11,$52.00 ,The Fugitive,$183.90 
Jonathan Dayton,$75.10 ,3,$25.00 ,Little Miss Sunshine,$59.90 
Kirk De Micco,$217.30 ,2,$108.60 ,The Croods,$187.20 
Brian De Palma,$636.10 ,18,$35.30 ,Mission: Impossible,$181.00 
Dean DeBlois,$540.40 ,3,$180.10 ,How to Train Your Dragon,$217.60 
Jan DeBont,$568.60 ,5,$113.70 ,Twister,$241.70 
Adam Del Deo,$1.80 ,3,$590k,Every Little Step,$1.70 
Guillermo del Toro,$479.20 ,10,$47.90 ,Pacific Rim,$101.80 
Camille Delamarre,$36.40 ,2,$18.20 ,Brick Mansions,$20.40 
Julie Delpy,$5.10 ,3,$1.70 ,2 Days in Paris,$4.40 
Jonathan Demme,$391.90 ,20,$19.60 ,Silence of the Lambs,$130.70 
James DeMonaco,$136.40 ,2,$68.20 ,The Purge: Anarchy,$72.00 
Claire Denis,$2.40 ,3,$814k,Chocolat (1989),$2.30 
Scott Derrickson,$465.70 ,5,$93.10 ,Doctor Strange,$232.60 
Danny DeVito,$220.60 ,6,$36.80 ,The War of the Roses,$86.90 
Dean Devlin,$35.40 ,2,$17.70 ,Geostorm,$33.70 
Tom Dey,$217.40 ,4,$54.30 ,Failure to Launch,$88.70 
Heitor Dhalia,$11.70 ,1,$11.70 ,Gone,$11.70 
Prabhu Dheva,$919k,1,$919k,Singh is Bling,$919k
Denise Di Novi,$11.40 ,1,$11.40 ,Unforgettable,$11.40 
Tom DiCillo,$2.20 ,5,$431k,Living in Oblivion,$1.10 
Kirby Dick,$831k,5,$166k,This Film Is Not Yet Rated,$307k
Ernest R. Dickerson,$83.50 ,6,$13.90 ,Bulletproof,$21.60 
David Dobkin,$427.70 ,6,$71.30 ,Wedding Crashers,$209.30 
Pete Docter,$939.40 ,3,$313.10 ,Inside Out,$356.50 
Xavier Dolan,$3.60 ,2,$1.80 ,Mommy,$3.50 
Andrew Dominik,$19.20 ,3,$6.40 ,Killing Them Softly,$15.00 
Roger Donaldson,$452.80 ,15,$30.20 ,Cocktail,$78.20 
Richard Donner,"$1,139.10 ",16,$71.20 ,Lethal Weapon 2,$147.30 
Michael Dougherty,$42.70 ,1,$42.70 ,Krampus,$42.70 
Drew Dowdle,$33.60 ,1,$33.60 ,Devil,$33.60 
John Erick Dowdle,$113.90 ,4,$28.50 ,Devil,$33.60 
Michael Dowse,$10.50 ,3,$3.50 ,Take Me Home Tonight,$6.90 
Frederik Du Chau,$116.00 ,3,$38.70 ,Racing Stripes,$49.80 
Frederik Du Chou,$72.30 ,2,$36.10 ,Racing Stripes,$49.80 
David Duchovny,$389k,1,$389k,House of D,$389k
Dennis Dugan,"$1,096.70 ",14,$78.30 ,Big Daddy,$163.50 
Bill Duke,$124.60 ,7,$17.80 ,Sister Act 2: Back in the Habit,$57.30 
Marcus Dunstan,$14.60 ,2,$7.30 ,The Collector,$7.70 
Jay Duplass,$12.10 ,5,$2.40 ,Cyrus,$7.50 
Mark Duplass,$11.90 ,4,$3.00 ,Cyrus,$7.50 
Robert Duvall,$20.90 ,2,$10.40 ,The Apostle,$19.90 
Ava DuVernay,$147.90 ,4,$37.00 ,A Wrinkle in Time,$95.50 
Clint Eastwood,"$1,852.30 ",35,$52.90 ,American Sniper,$350.10 
Gareth Edwards,$733.10 ,3,$244.40 ,Rogue One,$532.20 
Atom Egoyan,$6.80 ,5,$1.40 ,Chloe,$3.10 
Stephan Elliot,$30.40 ,4,$7.60 ,Eye of the Beholder,$16.50 
David R. Ellis,$231.10 ,6,$38.50 ,The Final Destination,$66.50 
Roland Emmerich,"$1,292.20 ",12,$107.70 ,Independence Day,$306.20 
Nora Ephron,$515.00 ,8,$64.40 ,Sleepless in Seattle,$126.70 
Andrew Erwin,$112.10 ,4,$28.00 ,I Can Only Imagine,$81.90 
Jon Erwin,$112.10 ,4,$28.00 ,I Can Only Imagine,$81.90 
Daniel Espinosa,$158.00 ,4,$39.50 ,Safe House,$126.40 
Jacob Aaron Estes,$668k,2,$334k,Mean Creek,$604k
Bruce A. Evans,$49.70 ,2,$24.80 ,Mr. Brooks,$28.50 
Chris Evans,$37.2k,1,$37.2k,Before We Go,$37.2k
Gareth Evans,$6.70 ,2,$3.40 ,The Raid: Redemption,$4.10 
Philippe Falardeau,$4.70 ,2,$2.40 ,The Good Lie,$2.70 
Rick Famuyiwa,$72.70 ,3,$24.20 ,Brown Sugar,$27.40 
Valerie Faris,$75.10 ,3,$25.00 ,Little Miss Sunshine,$59.90 
Vera Farmiga,$842k,1,$842k,Higher Ground,$842k
The Farrelly Bros.,$792.00 ,12,$66.00 ,Something About Mary,$176.50 
Jon Favreau,"$1,334.50 ",8,$166.80 ,The Jungle Book,$364.00 
Paul Feig,$584.50 ,5,$116.90 ,Bridesmaids,$169.10 
Sam Fell,$171.50 ,3,$57.20 ,Flushed Away,$64.70 
Charles Ferguson,$5.80 ,3,$1.90 ,Inside Job,$4.30 
Shana Feste,$43.80 ,3,$14.60 ,Endless Love,$23.40 
Glenn Ficarra,$163.30 ,4,$40.80 ,"Crazy, Stupid, Love.",$84.40 
Andy Fickman,$365.60 ,6,$60.90 ,The Game Plan,$90.60 
Todd Field,$41.40 ,2,$20.70 ,In the Bedroom,$35.90 
Ralph Fiennes,$2.00 ,2,$996k,The Invisible Woman,$1.20 
David Fincher,$865.20 ,10,$86.50 ,Gone Girl,$167.80 
Will Finn,$109.40 ,3,$36.50 ,Road to El Dorado,$50.90 
Mike Flanagan,$62.80 ,2,$31.40 ,Ouija 2,$35.10 
Ryan Fleck,$10.30 ,4,$2.60 ,It's Kind of a Funny Story,$6.40 
Ruben Fleischer,$158.60 ,3,$52.90 ,Zombieland,$75.60 
Andrew Fleming,$106.60 ,7,$15.20 ,Nancy Drew,$25.60 
Anne Fletcher,$377.80 ,5,$75.60 ,The Proposal,$164.00 
Geoffrey Fletcher,$17.2k,1,$17.2k,Violet & Daisy,$17.2k
Dan Fogelman,$5.60 ,1,$5.60 ,Danny Collins,$5.60 
James Foley,$333.10 ,13,$25.60 ,Fifty Shades Darker,$114.60 
Tom Ford,$19.80 ,2,$9.90 ,Nocturnal Animals,$10.70 
Marc Forster,$514.50 ,9,$57.20 ,World War Z,$202.40 
Jodie Foster,$84.50 ,4,$21.10 ,Money Monster,$41.00 
James Franco,$21.20 ,5,$4.20 ,The Disaster Artist,$21.10 
Scott Frank,$30.90 ,2,$15.50 ,A Walk Among the Tombstones,$26.30 
David Frankel,$375.00 ,7,$53.60 ,Marley and Me,$143.20 
Carl Franklin,$145.80 ,6,$24.30 ,High Crimes,$41.50 
Stephen Frears,$278.30 ,23,$12.10 ,The Queen,$56.40 
Juan Carlos Fresnadillo,$29.00 ,3,$9.70 ,28 Weeks Later,$28.60 
Thor Freudenthal,$205.60 ,3,$68.50 ,Hotel for Dogs,$73.00 
Jason Friedberg,$128.80 ,4,$32.20 ,Epic Movie,$39.70 
William Friedkin,$495.40 ,16,$31.00 ,The Exorcist,$232.90 
Cary Fukunaga,$13.90 ,3,$4.60 ,Jane Eyre,$11.20 
Antoine Fuqua,$627.50 ,12,$52.30 ,The Equalizer,$101.50 
Brad Furman,$92.80 ,3,$30.90 ,The Lincoln Lawyer,$58.00 
Stephen Gaghan,$68.80 ,3,$22.90 ,Syriana,$50.80 
George Gallo,$41.00 ,6,$6.80 ,Double Take,$29.80 
Vincent Gallo,$2.70 ,2,$1.40 ,Buffalo '66,$2.40 
Christophe Gans,$58.20 ,2,$29.10 ,Silent Hill,$47.00 
Jeremy Garelick,$64.50 ,1,$64.50 ,The Wedding Ringer,$64.50 
Alex Garland,$58.20 ,2,$29.10 ,Annihilation,$32.70 
Ed Gass-Donnelly,$15.20 ,2,$7.60 ,The Last Exorcism Part II,$15.20 
David Gelb,$28.40 ,2,$14.20 ,The Lazarus Effect,$25.80 
Ricky Gervais,$18.50 ,1,$18.50 ,The Invention of Lying,$18.50 
Sacha Gervasi,$6.70 ,2,$3.30 ,Hitchcock,$6.00 
Greta Gerwig,$49.00 ,2,$24.50 ,Lady Bird,$49.00 
Mel Gibson,$589.20 ,5,$117.80 ,Passion of the Christ,$370.80 
Craig Gillespie,$144.10 ,6,$24.00 ,Million Dollar Arm,$36.50 
Terry Gilliam,$216.00 ,10,$21.60 ,12 Monkeys,$57.10 
Dan Gilroy,$44.30 ,2,$22.20 ,Nightcrawler,$32.40 
Tony Gilroy,$202.80 ,3,$67.60 ,The Bourne Legacy,$113.20 
Richard Glatzer,$21.30 ,4,$5.30 ,Still Alice,$18.80 
Will Gluck,$332.10 ,5,$66.40 ,Peter Rabbit,$114.80 
Drew Goddard,$42.10 ,1,$42.10 ,The Cabin in the Woods,$42.10 
Evan Goldberg,$107.60 ,2,$53.80 ,This is the End,$101.50 
Michael Goldenberg,$19.00 ,1,$19.00 ,Bed of Roses,$19.00 
Akiva Goldsman,$12.60 ,1,$12.60 ,Winter's Tale,$12.60 
Jonathan M. Goldstein,$127.50 ,2,$63.70 ,Game Night,$68.60 
Bobcat Goldthwait,$475k,4,$119k,World's Greatest Dad,$222k
Michel Gondry,$162.40 ,12,$13.50 ,The Green Hornet,$98.80 
Alejandro González Iñárritu,$287.10 ,6,$47.80 ,The Revenant,$183.60 
Chris Gorak,$21.50 ,2,$10.80 ,The Darkest Hour,$21.40 
Josh Gordon,$201.10 ,3,$67.00 ,Blades of Glory,$118.60 
Keith Gordon,$2.80 ,5,$568k,A Midnight Clear,$1.50 
Seth Gordon,$430.90 ,5,$86.20 ,Identity Thief,$134.50 
Joseph Gordon-Levitt,$24.50 ,1,$24.50 ,Don Jon,$24.50 
Tom Gormican,$26.10 ,1,$26.10 ,That Awkward Moment,$26.10 
Ryan Gosling,$45.4k,1,$45.4k,Lost River,$45.4k
Raja Gosnell,$803.00 ,9,$89.20 ,Scooby-Doo,$153.30 
David S. Goyer,$115.70 ,3,$38.60 ,Blade: Trinity,$52.40 
Todd Graff,$37.80 ,3,$12.60 ,Joyful Noise,$30.90 
Debra Granik,$6.60 ,2,$3.30 ,Winter's Bone,$6.50 
Susannah Grant,$15.50 ,1,$15.50 ,Catch and Release,$15.50 
F. Gary Gray,$758.00 ,9,$84.20 ,Fate of the Furious,$226.00 
James Gray,$44.30 ,6,$7.40 ,We Own the Night,$28.60 
John Gray,$24.10 ,3,$8.00 ,Glimmer Man,$20.40 
Dave Green,$121.00 ,2,$60.50 ,Teenage Mutant Ninja Turtles 2,$82.10 
David Gordon Green,$152.70 ,12,$12.70 ,Pineapple Express,$87.30 
Luke Greenfield,$193.80 ,4,$48.40 ,Let's Be Cops,$82.40 
Paul Greengrass,$740.60 ,8,$92.60 ,The Bourne Ultimatum,$227.50 
Clark Gregg,$2.90 ,1,$2.90 ,Choke,$2.90 
Alister Grierson,$23.20 ,1,$23.20 ,Sanctum,$23.20 
Christopher Guest,$45.70 ,5,$9.10 ,Best in Show,$18.70 
Davis Guggenheim,$42.90 ,6,$7.20 ,An Inconvenient Truth,$24.10 
James Gunn,$731.10 ,4,$182.80 ,Guardians of the Galaxy 2,$389.80 
Jorge R. Gutierrez,$50.20 ,1,$50.20 ,The Book of Life,$50.20 
Taylor Hackford,$426.80 ,14,$30.50 ,An Officer and a Gentleman,$129.80 
Mikael Hafstrom,$166.30 ,6,$27.70 ,1408,$72.00 
Paul Haggis,$83.50 ,4,$20.90 ,Crash,$54.60 
Don Hahn,$80.7k,1,$80.7k,Waking Sleeping Beauty,$80.7k
Don Hall,$249.20 ,2,$124.60 ,Big Hero 6,$222.50 
Jason Dean Hall,$9.50 ,1,$9.50 ,Thank You for Your Service (2017),$9.50 
Klay Hall,$90.30 ,1,$90.30 ,Planes,$90.30 
Lasse Hallstrom,$530.80 ,15,$35.40 ,Dear John,$80.00 
Christopher Hampton,$3.40 ,3,$1.10 ,Carrington,$3.20 
John Lee Hancock,$450.10 ,5,$90.00 ,The Blind Side,$256.00 
Michael Haneke,$15.40 ,8,$1.90 ,Amour,$6.70 
Tom Hanks,$61.50 ,2,$30.70 ,Larry Crowne,$35.60 
Curtis Hanson,$406.80 ,11,$37.00 ,8 Mile,$116.80 
Catherine Hardwicke,$285.10 ,7,$40.70 ,Twilight,$192.80 
Rob Hardy,$17.80 ,3,$5.90 ,The Gospel,$15.80 
David Hare,$2.30 ,3,$760k,Wetherby,$1.30 
Renny Harlin,$526.70 ,16,$32.90 ,Die Hard 2,$117.50 
Dan Harris,$229k,1,$229k,Imaginary Heroes,$229k
Ed Harris,$28.80 ,2,$14.40 ,Appaloosa,$20.20 
Ethan Hawke,$775k,2,$387k,Seymour: An Introduction,$744k
Jimmy Hayward,$220.80 ,3,$73.60 ,Horton Hears a Who!,$154.50 
Michel Hazanavicius,$45.10 ,3,$15.00 ,The Artist,$44.70 
Leslye Headland,$1.30 ,2,$634k,Sleeping with Other People,$819k
Amy Heckerling,$384.00 ,9,$42.70 ,Look Who's Talking,$140.10 
Peter Hedges,$102.00 ,3,$34.00 ,The Odd Life of Timothy Green,$51.90 
Brian Helgeland,$242.60 ,5,$48.50 ,42,$95.00 
John Herzfeld,$59.20 ,3,$19.70 ,15 Minutes,$24.40 
Werner Herzog,$17.90 ,10,$1.80 ,Rescue Dawn,$5.50 
Peter Hewitt,$171.90 ,6,$28.70 ,Garfield,$75.40 
George Hickenlooper,$5.70 ,5,$1.10 ,Factory Girl,$1.70 
Scott Hicks,$178.90 ,7,$25.60 ,The Lucky One,$60.50 
Tim Hill,$387.80 ,5,$77.60 ,Alvin and the Chipmunks,$217.30 
Walter Hill,$395.00 ,17,$23.20 ,Another 48 HRS.,$80.80 
John Hillcoat,$60.10 ,4,$15.00 ,Lawless,$37.40 
Gregory Hoblit,$213.10 ,6,$35.50 ,Primal Fear,$56.10 
Dustin Hoffman,$18.40 ,1,$18.40 ,Quartet,$18.40 
Michael Hoffman,$151.10 ,10,$15.10 ,One Fine Day,$46.20 
Philip Seymour Hoffman,$542k,1,$542k,Jack Goes Boating,$542k
P.J. Hogan,$235.00 ,4,$58.70 ,My Best Friend's Wedding,$127.10 
Nicole Holofcener,$40.50 ,5,$8.10 ,Enough Said,$17.60 
Tom Hooper,$299.20 ,4,$74.80 ,Les Miserables,$148.80 
Anthony Hopkins,$78.0k,2,$39.0k,August (1996),$69.1k
Stephen Hopkins,$247.90 ,9,$27.50 ,Lost in Space,$69.10 
Ron Howard,"$1,896.00 ",24,$79.00 ,The Grinch,$260.00 
Albert Hughes,$178.80 ,5,$35.80 ,The Book of Eli,$94.80 
Allen Hughes,$198.50 ,6,$33.10 ,The Book of Eli,$94.80 
John Hughes,$329.50 ,8,$41.20 ,Ferris Bueller's Day Off,$70.10 
Patrick Hughes,$114.80 ,3,$38.30 ,The Hitman's Bodyguard,$75.50 
Helen Hunt,$3.70 ,1,$3.70 ,Then She Found Me,$3.70 
Nick Hurran,$20.80 ,3,$6.90 ,Little Black Book,$20.70 
Jon Hurwitz,$95.10 ,2,$47.60 ,American Reunion,$57.00 
Peter Hyams,$341.80 ,15,$22.80 ,End of Days,$66.90 
Leon Ichaso,$26.50 ,4,$6.60 ,Sugar Hill,$18.20 
Dan Ireland,$2.60 ,4,$660k,Mrs. Palfrey at the Claremont,$1.70 
Dean Israelite,$107.70 ,2,$53.90 ,Power Rangers,$85.40 
James Ivory,$103.80 ,14,$7.40 ,Howards End,$26.10 
Peter Jackson,"$2,134.70 ",12,$177.90 ,Return of the King,$377.80 
Azazel Jacobs,$756k,2,$378k,Terri,$656k
Gregory Jacobs,$66.90 ,2,$33.50 ,Magic Mike XXL,$66.00 
Famke Janssen,$5.0k,1,$5.0k,Bringing Up Bobby,$5.0k
Andrew Jarecki,$3.70 ,2,$1.90 ,Capturing the Friedmans,$3.10 
Nicholas Jarecki,$7.90 ,1,$7.90 ,Arbitrage,$7.90 
Jim Jarmusch,$32.60 ,12,$2.70 ,Broken Flowers,$13.70 
Patty Jenkins,$447.00 ,2,$223.50 ,Wonder Woman,$412.60 
Garth Jennings,$323.30 ,3,$107.80 ,Sing,$270.40 
Vicky Jenson,$434.90 ,3,$145.00 ,Shrek,$267.70 
Jean-Pierre Jeunet,$92.50 ,7,$13.20 ,Alien Resurrection,$47.80 
Rowan Joffe,$3.50 ,2,$1.70 ,Before I Go To Sleep,$3.20 
Clark Johnson,$153.20 ,2,$76.60 ,S.W.A.T.,$116.90 
Craig Johnson,$5.90 ,2,$3.00 ,The Skeleton Twins,$5.30 
Mark Steven Johnson,$269.30 ,5,$53.90 ,Ghost Rider,$115.80 
Rian Johnson,$692.30 ,4,$173.10 ,Star Wars: The Last Jedi,$620.20 
Tim Johnson,$449.70 ,4,$112.40 ,Home,$177.40 
Joe Johnston,$811.20 ,9,$90.10 ,Jurassic Park III,$181.20 
Angelina Jolie,$116.50 ,3,$38.80 ,Unbroken,$115.60 
Duncan Jones,$107.10 ,3,$35.70 ,Source Code,$54.70 
Kirk Jones,$182.00 ,5,$36.40 ,My Big Fat Greek Wedding 2,$59.70 
Tommy Lee Jones,$7.50 ,2,$3.70 ,The Three Burials of Melquiades Estrada,$5.00 
Spike Jonze,$148.20 ,4,$37.00 ,Where the Wild Things Are,$77.20 
Henry Joost,$199.80 ,4,$49.90 ,Paranormal Activity 3,$104.00 
Neil Jordan,$275.70 ,16,$17.20 ,Interview with the Vampire,$105.30 
Mike Judge,$85.20 ,4,$21.30 ,Beavis and Butt-Head Do America,$63.10 
Miranda July,$4.50 ,2,$2.20 ,Me and You and Everyone We Know,$3.90 
Wong Kar Wai,$13.10 ,10,$1.30 ,The Grandmaster,$6.60 
Jake Kasdan,$604.90 ,7,$86.40 ,Jumanji (2017),$404.40 
Lawrence Kasdan,$297.70 ,11,$27.10 ,The Big Chill,$56.40 
Ross Katz,$18.70 ,1,$18.70 ,The Choice,$18.70 
Charlie Kaufman,$6.80 ,2,$3.40 ,Anomalisa,$3.80 
Philip Kaufman,$31.20 ,2,$15.60 ,The Right Stuff,$21.20 
James Keach,$581k,4,$145k,Glen Campbell... I'll Be Me,$365k
Diane Keaton,$44.00 ,2,$22.00 ,Hanging Up,$36.10 
Michael Keaton,$348k,1,$348k,The Merry Gentleman,$348k
Gil Kenan,$129.00 ,3,$43.00 ,Monster House,$73.70 
Alex Kendrick,$145.90 ,4,$36.50 ,War Room,$67.80 
Chris Kentis,$43.40 ,2,$21.70 ,Open Water,$30.60 
Irvin Kershner,$411.60 ,4,$102.90 ,The Empire Strikes Back,$290.50 
Callie Khouri,$90.30 ,2,$45.10 ,Ya-Ya Sisterhood,$69.60 
Beeban Kidron,$96.10 ,5,$19.20 ,Bridget Jones 2,$40.20 
Jee-woon Kim,$12.90 ,5,$2.60 ,The Last Stand,$12.10 
Michael Patrick King,$248.00 ,2,$124.00 ,Sex and the City,$152.60 
Paul King,$116.70 ,2,$58.40 ,Paddington,$76.30 
Brian Klugman,$11.50 ,1,$11.50 ,The Words,$11.50 
Steven Knight,$1.40 ,2,$706k,Locke,$1.40 
Travis Knight,$48.00 ,1,$48.00 ,Kubo and the Two Strings,$48.00 
David Koepp,$114.10 ,6,$19.00 ,Secret Window,$48.00 
Abby Kohn,$37.90 ,1,$37.90 ,I Feel Pretty,$37.90 
Brian Koppelman,$11.70 ,1,$11.70 ,Knockaround Guys,$11.70 
Baltasar Kormakur,$185.60 ,4,$46.40 ,2 Guns,$75.60 
Joseph Kosinski,$279.50 ,3,$93.20 ,Tron Legacy,$172.10 
Wayne Kramer,$15.60 ,4,$3.90 ,The Cooler,$8.30 
John Krasinski,$161.10 ,3,$53.70 ,A Quiet Place,$160.10 
Stanley Kubrick,$241.20 ,7,$34.50 ,2001: A Space Odyssey,$57.00 
Roger Kumble,$158.90 ,5,$31.80 ,College Road Trip,$45.60 
Alex Kurtzman,$92.70 ,2,$46.30 ,The Mummy (2017),$80.20 
Karyn Kusama,$43.90 ,4,$11.00 ,Aeon Flux,$25.90 
Ken Kwapis,$244.00 ,9,$27.10 ,He's Just Not That Into You,$94.00 
Neil LaBute,$149.20 ,9,$16.60 ,Death at a Funeral (2010),$42.70 
Richard LaGravenese,$122.80 ,6,$20.50 ,P.S. I Love You,$53.70 
Mary Lambert,$80.60 ,5,$16.10 ,Pet Sematary,$57.50 
Peter Landesman,$36.00 ,3,$12.00 ,Concussion (2015),$34.50 
John Landis,$672.00 ,15,$44.80 ,National Lampoon's Animal House,$141.60 
Christopher B. Landon,$91.80 ,3,$30.60 ,Happy Death Day,$55.70 
Pablo Larrain,$17.30 ,4,$4.30 ,Jackie,$14.00 
John Lasseter,"$1,036.00 ",5,$207.20 ,Toy Story 2,$245.90 
Laura Lau,$12.80 ,1,$12.80 ,Silent House,$12.80 
Melanie Laurent,$42.3k,1,$42.3k,Breathe,$42.3k
Francis Lawrence,"$1,481.40 ",7,$211.60 ,Catching Fire,$424.70 
Mimi Leder,$215.20 ,3,$71.70 ,Deep Impact,$140.50 
Ang Lee,$548.30 ,13,$42.20 ,Hulk,$132.20 
Benson Lee,$9.20 ,2,$4.60 ,Battle of the Year,$8.90 
Jennifer Lee,$400.70 ,1,$400.70 ,Frozen,$400.70 
Malcolm D. Lee,$416.80 ,9,$46.30 ,Girls Trip,$115.20 
Sngmoo Lee,$5.70 ,1,$5.70 ,The Warrior's Way,$5.70 
Spike Lee,$379.80 ,21,$18.10 ,Inside Man,$88.50 
Michael Lehman,$148.10 ,9,$16.50 ,Because I Said So,$42.70 
Mike Leigh,$41.20 ,11,$3.70 ,Secrets & Lies,$13.40 
David Leitch,$94.70 ,2,$47.40 ,Atomic Blonde,$51.70 
Michael Lembeck,$291.80 ,4,$73.00 ,The Santa Clause 2,$139.20 
Thomas Lennon & Ben Garant,$8.8k,1,$8.8k,Hell Baby,$8.8k
John R. Leonetti,$134.50 ,3,$44.80 ,Annabelle,$84.30 
Peter Lepeniotis,$64.30 ,1,$64.30 ,The Nut Job,$64.30 
Louis Leterrier,$490.30 ,6,$81.70 ,Clash of the Titans,$163.20 
Asger Leth,$18.70 ,2,$9.30 ,Man on a Ledge,$18.60 
Rob Letterman,$482.10 ,4,$120.50 ,Monsters Vs. Aliens,$198.40 
Gregory Levasseur,$2.80 ,1,$2.80 ,The Pyramid,$2.80 
David Levien,$11.70 ,1,$11.70 ,Knockaround Guys,$11.70 
Jonathan Levine,$192.40 ,5,$38.50 ,Warm Bodies,$66.40 
Barry Levinson,$812.70 ,22,$36.90 ,Rain Man,$172.80 
Shawn Levy,"$1,130.30 ",11,$102.80 ,Night at the Museum,$250.90 
Brad Lewis,$191.50 ,1,$191.50 ,Cars 2,$191.50 
Jonathan Liebesman,$430.50 ,5,$86.10 ,Ninja Turtles,$191.20 
Matthew Lillard,$41.5k,1,$41.5k,Fat Kid Rules the World,$41.5k
Doug Liman,$572.60 ,9,$63.60 ,Mr. & Mrs. Smith,$186.30 
Justin Lin,$845.90 ,8,$105.70 ,Fast & Furious 6,$238.70 
Todd Lincoln,$4.90 ,1,$4.90 ,The Apparition,$4.90 
Jamie Linden,$203k,1,$203k,10 Years,$203k
Richard Linklater,$203.90 ,18,$11.30 ,School of Rock,$81.30 
Steven Lisberger,$37.20 ,3,$12.40 ,Tron,$33.00 
Richard Loncraine,$79.60 ,7,$11.40 ,Firewall,$48.80 
Kenneth Lonergan,$56.90 ,3,$19.00 ,Manchester by the Sea,$47.70 
Peter Lord,$137.90 ,2,$68.90 ,Chicken Run,$106.80 
Phil Lord,$712.80 ,4,$178.20 ,The LEGO Movie,$257.80 
Robert Lorenz,$35.80 ,1,$35.80 ,Trouble with the Curve,$35.80 
George Lucas,"$1,743.90 ",6,$290.70 ,The Phantom Menace,$474.50 
Jon Lucas,$211.10 ,3,$70.40 ,Bad Moms,$113.30 
John Luessenhop,$92.50 ,3,$30.80 ,Takers,$57.70 
Baz Luhrmann,$309.90 ,5,$62.00 ,The Great Gatsby,$144.80 
Robert Luketic,$421.00 ,7,$60.10 ,Legally Blonde,$96.50 
Diego Luna,$5.60 ,1,$5.60 ,Cesar Chavez,$5.60 
Rod Lurie,$49.80 ,5,$10.00 ,Last Castle,$18.20 
Patrick Lussier,$95.30 ,3,$31.80 ,My Bloody Valentine 3-D,$51.50 
David Lynch,$98.10 ,9,$10.90 ,Dune,$30.90 
Kevin Macdonald,$81.80 ,9,$9.10 ,State of Play,$37.00 
Seth MacFarlane,$343.40 ,3,$114.50 ,Ted,$218.80 
William H. Macy,$95.8k,2,$47.9k,Rudderless,$58.3k
John Madden,$257.50 ,11,$23.40 ,Shakespeare in Love,$100.30 
Madonna,$606k,2,$303k,W.E.,$583k
Sharon Maguire,$95.80 ,3,$31.90 ,Bridget Jones's Diary,$71.50 
Terrence Malick,$67.50 ,8,$8.40 ,Thin Red Line,$36.40 
David Mamet,$60.00 ,10,$6.00 ,Heist,$23.50 
James Mangold,$782.40 ,10,$78.20 ,Logan,$226.30 
Michael Mann,$524.10 ,11,$47.60 ,Collateral,$101.00 
Dustin Marcellino,$2.80 ,1,$2.80 ,The Identical,$2.80 
Mars Marlind,$62.30 ,1,$62.30 ,Underworld Awakening,$62.30 
Frank Marshall,$252.60 ,4,$63.10 ,Eight Below,$81.60 
Garry Marshall,"$1,023.40 ",18,$56.90 ,Pretty Woman,$178.40 
Penny Marshall,$407.00 ,7,$58.10 ,Big,$115.00 
Rob Marshall,$616.90 ,5,$123.40 ,Pirates of the Caribbean 4,$241.10 
Demetri Martin,$255k,1,$255k,Dean,$255k
Michael Mayer,$1.00 ,1,$1.00 ,A Home at the End of the World,$1.00 
Craig Mazin,$25.90 ,2,$12.90 ,Superhero Movie,$25.90 
Tom McCarthy,$70.40 ,4,$17.60 ,Spotlight,$45.10 
Mike McCoy,$70.00 ,1,$70.00 ,Act of Valor,$70.00 
John Michael McDonagh,$9.00 ,2,$4.50 ,The Guard,$5.40 
McG,$480.50 ,6,$80.10 ,Terminator Salvation,$125.30 
Douglas McGrath,$34.80 ,5,$7.00 ,Emma,$22.20 
Tom McGrath,$913.40 ,5,$182.70 ,Madagascar 3,$216.40 
Ewan McGregor,$544k,1,$544k,American Pastoral,$544k
Adam McKay,$650.80 ,6,$108.50 ,Talladega Nights,$148.20 
Gary McKendry,$25.10 ,1,$25.10 ,Killer Elite,$25.10 
Sean McNamara,$74.40 ,5,$14.90 ,Soul Surfer,$43.90 
Christopher McQuarrie,$281.20 ,3,$93.70 ,M:I - Rogue Nation,$195.00 
Steve McQueen (II),$60.70 ,3,$20.20 ,12 Years a Slave,$56.70 
James McTeigue,$124.60 ,3,$41.50 ,V for Vendetta,$70.50 
John McTiernan,$610.40 ,11,$55.50 ,Hunt for Red October,$122.00 
Peter Medak,$27.20 ,6,$4.50 ,Species II,$19.20 
Olivier Megaton,$297.50 ,4,$74.40 ,Taken 2,$139.90 
Theodore Melfi,$213.70 ,2,$106.90 ,Hidden Figures,$169.60 
Sam Mendes,$834.00 ,7,$119.10 ,Skyfall,$304.40 
Nancy Meyers,$625.60 ,6,$104.30 ,What Women Want,$182.80 
David Michod,$2.20 ,2,$1.10 ,The Rover,$1.10 
Bennett Miller,$116.50 ,3,$38.80 ,Moneyball,$75.60 
Chris Miller,$472.00 ,2,$236.00 ,Shrek the Third,$322.70 
Frank Miller,$107.70 ,3,$35.90 ,Sin City,$74.10 
George Miller,$603.50 ,10,$60.40 ,Happy Feet,$198.00 
Sam Miller,$52.50 ,1,$52.50 ,No Good Deed,$52.50 
Chris Miller (II),$712.80 ,4,$178.20 ,The LEGO Movie,$257.80 
Mike Mills,$12.80 ,3,$4.30 ,Beginners,$5.80 
Anthony Minghella,$261.20 ,6,$43.50 ,Cold Mountain,$95.60 
Rob Minkoff,$867.20 ,7,$123.90 ,Lion King,$422.80 
John Cameron Mitchell,$7.30 ,3,$2.40 ,Hedwig and the Angry Inch,$3.10 
Mike Mitchell,$829.70 ,7,$118.50 ,Shrek Forever After,$238.70 
Goro Miyazaki,$48.5k,1,$48.5k,Tales from Earthsea,$48.5k
Hayao Miyazaki,$38.60 ,5,$7.70 ,Ponyo,$15.10 
William Monahan,$24.3k,2,$12.2k,London Boulevard,$16.1k
Alejandro Monteverde,$14.60 ,2,$7.30 ,Bella,$8.10 
Jason Moore,$152.00 ,2,$76.00 ,Sisters,$87.00 
John Moore,$242.50 ,5,$48.50 ,A Good Day to Die Hard,$67.30 
Michael Moore,$191.20 ,9,$21.20 ,Fahrenheit 9/11,$119.20 
Rich Moore,$530.70 ,2,$265.30 ,Zootopia,$341.30 
Scott Moore,$211.10 ,3,$70.40 ,Bad Moms,$113.30 
Pierre Morel,$180.90 ,4,$45.20 ,Taken,$145.00 
Errol Morris,$10.10 ,8,$1.30 ,The Fog of War,$4.20 
Greg Mottola,$191.90 ,5,$38.40 ,Superbad,$121.50 
Oren Moverman,$2.20 ,3,$750k,The Messenger,$1.10 
Gabriele Muccino,$247.90 ,5,$49.60 ,The Pursuit of Happyness,$163.60 
Kieran Mulroney,$13.5k,1,$13.5k,Paper Man,$13.5k
Michele Mulroney,$13.5k,1,$13.5k,Paper Man,$13.5k
Kevin Munroe,$55.30 ,2,$27.70 ,TMNT,$54.10 
Ryan Murphy,$87.60 ,2,$43.80 ,Eat Pray Love,$80.60 
Noam Murro,$116.10 ,2,$58.00 ,300: Rise of An Empire,$106.60 
Andres Muschietti,$399.10 ,2,$199.60 ,It,$327.50 
Mike Myers,$213k,1,$213k,Supermensch: The Legend of Shep Gordon,$213k
Mark Mylod,$14.00 ,1,$14.00 ,What's Your Number?,$14.00 
Mira Nair,$83.60 ,10,$8.40 ,Vanity Fair,$16.10 
Vincenzo Natali,$17.50 ,2,$8.80 ,Splice,$17.00 
Gregory Nava,$60.00 ,4,$15.00 ,Selena,$35.30 
Mark Neveldine,$113.80 ,4,$28.50 ,Ghost Rider 2,$51.80 
Mike Newell,$581.80 ,14,$41.60 ,Harry Potter / Goblet of Fire,$290.00 
Paul Newman,$896k,1,$896k,The Glass Menagerie,$896k
Andrew Niccol,$110.80 ,6,$18.50 ,In Time,$37.50 
Jeff Nichols,$34.80 ,5,$7.00 ,Mud,$21.60 
Mike Nichols,$722.50 ,16,$45.20 ,Birdcage,$124.10 
William Nicholson,$785k,1,$785k,Firelight,$785k
Neil Nightingale,$36.10 ,1,$36.10 ,Walking with Dinosaurs,$36.10 
Marcus Nispel,$177.10 ,4,$44.30 ,Texas Chainsaw Massacre,$80.60 
Troy Nixey,$24.00 ,1,$24.00 ,Don't Be Afraid of the Dark,$24.00 
Gaspar Noe,$1.40 ,3,$459k,Irreversible,$792k
Christopher Nolan,"$2,006.60 ",11,$182.40 ,The Dark Knight,$534.90 
George Nolfi,$69.40 ,2,$34.70 ,The Adjustment Bureau,$62.50 
Nima Nourizadeh,$69.20 ,2,$34.60 ,Project X,$54.70 
Phillip Noyce,$567.20 ,13,$43.60 ,Clear and Present Danger,$122.20 
Joe Nussbaum,$31.50 ,3,$10.50 ,Sydney White,$11.90 
Lonzo Nzekwe,$15.8k,1,$15.8k,Anchor Baby,$15.8k
Gavin O'Connor,$182.90 ,6,$30.50 ,The Accountant,$86.30 
Steve Oedekerk,$241.50 ,4,$60.40 ,When Nature Calls,$108.40 
Kenny Ortega,$205.00 ,4,$51.20 ,High School Musical 3,$90.60 
Frank Oz,$575.20 ,12,$47.90 ,The Score,$71.10 
Jose Padilha,$62.20 ,6,$10.40 ,RoboCop,$58.60 
Alan J. Pakula,$413.80 ,12,$34.50 ,Pelican Brief,$100.80 
David Palmer,$13.70 ,1,$13.70 ,Hit and Run,$13.70 
Dean Parisot,$245.60 ,4,$61.40 ,Fun with Dick and Jane,$110.30 
Oliver Parker,$38.80 ,5,$7.80 ,Ideal Husband,$18.50 
Trey Parker,$85.40 ,3,$28.50 ,"South Park - Bigger, Longer and Uncut",$52.00 
Alexander Payne,$276.40 ,7,$39.50 ,The Descendants,$82.60 
Jordan Peele,$176.00 ,1,$176.00 ,Get Out,$176.00 
Kimberly Peirce,$57.70 ,3,$19.20 ,Carrie,$35.30 
Oren Peli,$107.90 ,2,$54.00 ,Paranormal Activity,$107.90 
Mark Pellington,$64.40 ,7,$9.20 ,Mothman Prophecies,$35.70 
Sean Penn,$19.20 ,2,$9.60 ,Into the Wild,$18.40 
Zak Penn,$153k,2,$76.7k,The Grand,$116k
Jesse Peretz,$28.20 ,4,$7.00 ,Our Idiot Brother,$24.80 
Alex Ross Perry,$352k,4,$88.1k,Listen Up Philip,$200k
Tyler Perry,$906.90 ,18,$50.40 ,Madea Goes to Jail,$90.50 
Wolfgang Petersen,$775.10 ,10,$77.50 ,Perfect Storm,$182.60 
Bob Peterson,$293.00 ,1,$293.00 ,Up,$293.00 
Brad Peyton,$392.20 ,5,$78.40 ,San Andreas,$155.20 
Wally Pfister,$23.00 ,1,$23.00 ,Transcendence,$23.00 
Todd Phillips,"$1,038.10 ",10,$103.80 ,The Hangover,$277.30 
Steve Pink,$147.60 ,4,$36.90 ,Hot Tub Time Machine,$50.30 
John Pogue,$8.50 ,1,$8.50 ,The Quiet Ones,$8.50 
Roman Polanski,$147.20 ,13,$11.30 ,The Pianist,$32.60 
Sydney Pollack,$774.50 ,13,$59.60 ,Tootsie,$177.20 
Sarah Polley,$7.40 ,3,$2.50 ,Away from Her,$4.60 
James Ponsoldt,$30.80 ,5,$6.20 ,The Circle,$20.50 
Natalie Portman,$572k,1,$572k,A Tale of Love and Darkness,$572k
Gina Prince-Bythewood,$79.80 ,3,$26.60 ,The Secret Life of Bees,$37.80 
Alex Proyas,$321.00 ,6,$53.50 ,"I, Robot",$144.80 
Steven Quale,$99.20 ,3,$33.10 ,Into The Storm,$47.60 
Michael Radford,$38.50 ,7,$5.50 ,Il Postino,$21.80 
Josh Radnor,$543k,2,$272k,Liberal Arts,$327k
Sam Raimi,"$1,526.70 ",14,$109.00 ,Spider-Man,$403.70 
Harold Ramis,$435.70 ,11,$39.60 ,Analyze This,$106.90 
Lynne Ramsay,$4.40 ,4,$1.10 ,You Were Never Really Here,$2.20 
Brett Ratner,"$1,130.80 ",10,$113.10 ,X-Men: The Last Stand,$234.40 
Billy Ray,$55.60 ,3,$18.50 ,Breach,$33.20 
Robert Redford,$274.80 ,9,$30.50 ,Horse Whisperer,$75.40 
Peyton Reed,$485.30 ,5,$97.10 ,Ant-Man,$180.20 
Keanu Reeves,$100k,1,$100k,Man of Tai Chi,$100k
Matt Reeves,$453.30 ,5,$90.70 ,Dawn of the Planet of the Apes,$208.50 
Nicolas Winding Refn,$37.30 ,5,$7.50 ,Drive (2011),$35.10 
Kelly Reichardt,$3.50 ,6,$578k,Certain Women,$1.10 
Rob Reiner,$679.30 ,19,$35.80 ,A Few Good Men,$141.30 
Ivan Reitman,"$1,099.60 ",15,$73.30 ,Ghostbusters,$242.20 
Jason Reitman,$285.80 ,7,$40.80 ,Juno,$143.50 
Chris Renaud,"$1,202.00 ",4,$300.50 ,The Secret Life of Pets,$368.40 
John Requa,$163.30 ,4,$40.80 ,"Crazy, Stupid, Love.",$84.40 
Kevin Reynolds,$365.90 ,9,$40.70 ,Robin Hood: Prince of Thieves,$165.50 
Alan Rickman,$558k,1,$558k,A Little Chaos,$558k
John Ridley,$346k,2,$173k,Jimi: All Is By My Side,$341k
Adam Rifkin,$12.20 ,6,$2.00 ,The Chase,$7.90 
Carl Rinsch,$38.40 ,1,$38.40 ,47 Ronin,$38.40 
Guy Ritchie,$521.00 ,9,$57.90 ,Sherlock Holmes,$209.00 
Jay Roach,"$1,095.40 ",9,$121.70 ,Meet the Fockers,$279.30 
Brian Robbins,$329.40 ,10,$32.90 ,Norbit,$95.70 
Tim Robbins,$46.70 ,3,$15.60 ,Dead Man Walking,$39.40 
Jordan Roberts,$194k,1,$194k,Around the Bend,$194k
Gillian Robespierre,$4.10 ,2,$2.00 ,Obvious Child,$3.10 
Julie Anne Robinson,$89.40 ,2,$44.70 ,The Last Song,$63.00 
Chris Rock,$76.00 ,3,$25.30 ,Head of State,$38.10 
Robert Rodriguez,$706.40 ,16,$44.10 ,Spy Kids,$112.70 
Seth Rogen,$107.60 ,2,$53.80 ,This is the End,$101.50 
Mark Romanek,$34.00 ,2,$17.00 ,One Hour Photo,$31.60 
Joachim Ronning,$174.10 ,2,$87.00 ,Pirates of the Caribbean 5,$172.60 
Don Roos,$44.00 ,4,$11.00 ,Bounce,$36.80 
Michael Roskam,$10.90 ,3,$3.60 ,The Drop,$10.70 
Gary Ross,$589.70 ,4,$147.40 ,The Hunger Games,$408.00 
Eli Roth,$127.30 ,6,$21.20 ,Hostel,$47.30 
Joe Roth,$213.20 ,6,$35.50 ,America's Sweethearts,$93.60 
Joseph Ruben,$282.70 ,9,$31.40 ,Sleeping with the Enemy,$101.60 
Mark Ruffalo,$13.8k,1,$13.8k,Sympathy for Delicious,$13.8k
David O. Russell,$521.80 ,8,$65.20 ,American Hustle,$150.10 
Jay Russell,$168.80 ,5,$33.80 ,Ladder 49,$74.50 
Anthony Russo,"$1,196.90 ",5,$239.40 ,Avengers: Infinity War,$453.10 
Joe Russo,"$1,196.90 ",5,$239.40 ,Avengers: Infinity War,$453.10 
Carlos Saldanha,"$1,056.00 ",8,$132.00 ,Ice Age 3,$196.60 
Shane Salerno,$584k,1,$584k,Salinger,$584k
Victor Salva,$108.40 ,4,$27.10 ,Jeepers Creepers,$37.90 
David F. Sandberg,$169.40 ,2,$84.70 ,Annabelle 2,$102.10 
Espen Sandberg,$174.10 ,2,$87.00 ,Pirates of the Caribbean 5,$172.60 
Ari Sandel,$34.00 ,1,$34.00 ,The DUFF,$34.00 
Chris Sanders,$550.50 ,3,$183.50 ,How to Train Your Dragon,$217.60 
Rupert Sanders,$195.90 ,2,$97.90 ,Snow White and the Huntsman,$155.30 
Jeremy Saulnier,$3.50 ,2,$1.70 ,Green Room,$3.20 
Geoffrey Sax,$57.80 ,3,$19.30 ,White Noise,$56.40 
Lorene Scafaria,$11.30 ,2,$5.70 ,Seeking a Friend for the End of the World,$7.10 
Dan Scanlon,$268.50 ,1,$268.50 ,Monsters University,$268.50 
Don Scardino,$22.50 ,1,$22.50 ,Burt Wonderstone,$22.50 
Akiva Schaffer,$58.90 ,3,$19.60 ,The Watch,$35.40 
Jeff Schaffer,$17.80 ,1,$17.80 ,Eurotrip,$17.80 
Lone Scherfig,$30.30 ,5,$6.10 ,One Day,$13.80 
Hayden Schlossberg,$95.10 ,2,$47.60 ,American Reunion,$57.00 
Julian Schnabel,$13.70 ,5,$2.70 ,The Diving Bell and the Butterfly,$6.00 
Paul Schrader,$59.90 ,14,$4.30 ,American Gigolo,$22.70 
Jake Schreier,$35.30 ,2,$17.70 ,Paper Towns,$32.00 
Barbet Schroeder,$136.70 ,9,$15.20 ,Single White Female,$48.00 
Ariel Schulman,$199.80 ,4,$49.90 ,Paranormal Activity 3,$104.00 
John Schultz,$122.40 ,6,$20.40 ,Like Mike,$51.40 
Joel Schumacher,$963.00 ,22,$43.80 ,Batman Forever,$184.00 
Josh Schwartz,$9.40 ,1,$9.40 ,Fun Size,$9.40 
Robert Schwentke,$473.50 ,6,$78.90 ,Insurgent,$130.20 
David Schwimmer,$6.10 ,2,$3.10 ,Run Fat Boy Run,$6.00 
Martin Scorsese,"$1,027.90 ",24,$42.80 ,The Departed,$132.40 
Ken Scott,$41.20 ,3,$13.70 ,Delivery Man,$30.70 
Ridley Scott,"$1,661.10 ",24,$69.20 ,The Martian,$228.40 
Tony Scott,"$1,092.60 ",16,$68.30 ,Top Gun,$179.80 
Peter Segal,$804.20 ,9,$89.40 ,The Longest Yard,$158.10 
Henry Selick,$184.70 ,4,$46.20 ,Coraline,$75.30 
Aaron Seltzer,$177.40 ,5,$35.50 ,Date Movie,$48.50 
David Seltzer,$50.90 ,3,$17.00 ,Shining Through,$21.60 
Dominic Sena,$208.90 ,5,$41.80 ,Gone in 60 Seconds,$101.60 
Andy Serkis,$490k,1,$490k,Breathe (2017),$490k
Tom Shadyac,$892.70 ,8,$111.60 ,Bruce Almighty,$242.80 
Adam Shankman,$697.50 ,8,$87.20 ,Bringing Down the House,$132.70 
Lynn Shelton,$3.20 ,6,$537k,Your Sister's Sister,$1.60 
Larry Sher,$17.50 ,1,$17.50 ,Father Figures,$17.50 
Jim Sheridan,$143.70 ,8,$18.00 ,Get Rich or Die Tryin',$31.00 
Gary Shore,$56.30 ,1,$56.30 ,Dracula Untold,$56.30 
M. Night Shyamalan,"$1,233.50 ",11,$112.10 ,Sixth Sense,$293.50 
Charles Shyer,$249.70 ,7,$35.70 ,Father of the Bride,$89.30 
Trish Sie,$14.90 ,1,$14.90 ,Step Up All In,$14.90 
Robert D. Siegel,$235k,1,$235k,Big Fan,$235k
Brad Silberling,$354.00 ,6,$59.00 ,Lemony Snicket,$118.60 
Sebastián Silva,$656k,2,$328k,The Maid,$577k
David Silverman,$523.90 ,3,$174.60 ,"Monsters, Inc.",$289.90 
Marc Silverstein,$37.90 ,1,$37.90 ,I Feel Pretty,$37.90 
Bryan Singer,"$1,142.20 ",9,$126.90 ,X-Men: Days of Future Past,$233.90 
John Singleton,$465.20 ,9,$51.70 ,2 Fast 2 Furious,$127.20 
David Slade,$341.10 ,3,$113.70 ,The Twilight Saga: Eclipse,$300.50 
John Slattery,$170k,1,$170k,God's Pocket,$170k
Jim Field Smith,$32.00 ,1,$32.00 ,She's Out of My League,$32.00 
Kevin Smith,$206.70 ,11,$18.80 ,Cop Out,$44.90 
Sarah Smith,$46.50 ,1,$46.50 ,Arthur Christmas,$46.50 
Simon J. Smith,$210.00 ,2,$105.00 ,Bee Movie,$126.60 
Zack Snyder,"$1,319.60 ",8,$165.00 ,Batman v Superman,$330.40 
Steven Soderbergh,"$1,074.90 ",28,$38.40 ,Ocean's Eleven,$183.40 
Iain Softley,$139.20 ,6,$23.20 ,K-PAX,$50.30 
Courtney Solomon,$42.00 ,3,$14.00 ,An American Haunting,$16.30 
Ed Solomon,$210k,1,$210k,Levity,$210k
Todd Solondz,$9.80 ,8,$1.20 ,Welcome to the Dollhouse,$4.60 
Stephen Sommers,$706.30 ,8,$88.30 ,Mummy Returns,$202.00 
Barry Sonnenfeld,"$1,078.30 ",11,$98.00 ,Men in Black,$250.70 
David Soren,$156.90 ,2,$78.50 ,Turbo,$83.00 
Aaron Sorkin,$28.80 ,1,$28.80 ,Molly's Game,$28.80 
Will Speck,$201.10 ,3,$67.00 ,Blades of Glory,$118.60 
Scott Speer,$35.10 ,1,$35.10 ,Step Up Revolution,$35.10 
Christopher Spencer,$59.70 ,1,$59.70 ,Son of God,$59.70 
Penelope Spheeris,$263.10 ,5,$52.60 ,Wayne's World,$121.70 
Steven Spielberg,"$4,666.40 ",33,$141.40 ,E.T.,$435.10 
Morgan Spurlock,$41.50 ,6,$6.90 ,One Direction: This is Us,$28.90 
Dan St. Pierre,$8.50 ,1,$8.50 ,Legends of Oz: Dorothy's Return,$8.50 
Anthony Stacchi,$50.80 ,1,$50.80 ,The Boxtrolls,$50.80 
Chad Stahelski,$135.10 ,2,$67.50 ,John Wick 2,$92.00 
Sylvester Stallone,$626.30 ,8,$78.30 ,Rocky IV,$127.90 
Daniel Stamm,$41.00 ,1,$41.00 ,The Last Exorcism,$41.00 
Andrew Stanton,"$1,164.00 ",4,$291.00 ,Finding Dory,$486.30 
Burr Steers,$111.00 ,4,$27.80 ,17 Again,$64.20 
Bjorn Stein,$62.30 ,1,$62.30 ,Underworld Awakening,$62.30 
James D. Stern,$20.40 ,4,$5.10 ,Michael Jordan (IMAX),$18.70 
Joshua Michael Stern,$32.40 ,2,$16.20 ,Swing Vote,$16.30 
Josh Sternfeld,$319k,1,$319k,Winter Solstice,$319k
Lee Sternthal,$11.50 ,1,$11.50 ,The Words,$11.50 
Scott Charles Stewart,$86.70 ,3,$28.90 ,Legion,$40.20 
Ben Stiller,$324.00 ,6,$54.00 ,Tropic Thunder,$110.50 
Whit Stillman,$28.30 ,6,$4.70 ,Love & Friendship,$14.00 
John Stockwell,$83.20 ,5,$16.60 ,Blue Crush,$40.40 
Chris Stokes,$44.00 ,3,$14.70 ,You Got Served,$40.40 
Nick Stoller,$431.30 ,6,$71.90 ,Neighbors,$150.20 
Oliver Stone,$766.00 ,19,$40.30 ,Platoon,$138.50 
Charles Stone III,$81.30 ,4,$20.30 ,Drumline,$56.40 
Tim Story,$781.90 ,8,$97.70 ,Fantastic Four (2005),$154.70 
Greg Strause,$63.20 ,2,$31.60 ,Aliens Vs. Predator - Requiem,$41.80 
Todd Strauss-Schulson,$35.10 ,1,$35.10 ,Harold & Kumar 3D,$35.10 
Barbra Streisand,$156.10 ,3,$52.00 ,The Prince of Tides,$74.80 
Robert Stromberg,$241.40 ,1,$241.40 ,Maleficent,$241.40 
Danny Strong,$378k,1,$378k,Rebel in the Rye,$378k
Michael Sucsy,$131.10 ,2,$65.60 ,The Vow,$125.00 
John Sullivan,$47.90 ,2,$23.90 ,2016 Obama's America,$33.40 
Spencer Susser,$383k,1,$383k,Hesher,$383k
Kiefer Sutherland,$109k,1,$109k,"Truth or Consequences, N.M.",$109k
Joe Swanberg,$521k,5,$104k,Drinking Buddies,$343k
Damian Szifron,$3.10 ,1,$3.10 ,Wild Tales,$3.10 
Jorma Taccone,$18.20 ,2,$9.10 ,Popstar,$9.60 
Lee Tamahori,$322.50 ,8,$40.30 ,Die Another Day,$160.90 
Quentin Tarantino,$649.20 ,9,$72.10 ,Django Unchained,$162.80 
Tarsem,$224.30 ,5,$44.90 ,Immortals,$83.50 
Alan Taylor,$296.10 ,2,$148.10 ,Thor: The Dark World,$206.40 
Brian Taylor,$113.80 ,4,$28.50 ,Ghost Rider 2,$51.80 
Tate Taylor,$275.80 ,4,$69.00 ,The Help,$169.70 
Sam Taylor-Johnson,$167.60 ,2,$83.80 ,Fifty Shades of Grey,$166.20 
Julie Taymor,$52.50 ,4,$13.10 ,Frida,$25.90 
Andy Tennant,$598.00 ,9,$66.40 ,Hitch,$179.50 
Chris Terrio,$1.20 ,1,$1.20 ,Heights,$1.20 
Betty Thomas,$563.30 ,7,$80.50 ,Alvin and the Chipmunks 2,$219.60 
Billy Bob Thornton,$14.8k,1,$14.8k,Jayne Mansfield's Car,$14.8k
Rawson Marshall Thurber,$392.20 ,4,$98.10 ,We're the Millers,$150.40 
Paul Tibbitt,$163.00 ,1,$163.00 ,SpongeBob,$163.00 
Michael Tiddes,$69.10 ,3,$23.00 ,A Haunted House,$40.00 
"George Tillman, Jr.",$190.50 ,6,$31.80 ,Men of Honor,$48.80 
Peter Tolan,$57.3k,1,$57.3k,Finding Amanda,$57.3k
Mark Tonderai,$31.60 ,1,$31.60 ,House at the End of The Street,$31.60 
Josh Trank,$120.70 ,2,$60.30 ,Chronicle,$64.60 
Pete Travis,$85.70 ,3,$28.60 ,Vantage Point,$72.30 
Jeff Tremaine,$356.30 ,4,$89.10 ,Jackass 3-D,$117.20 
Colin Trevorrow,$660.80 ,3,$220.30 ,Jurassic World,$652.30 
Stanley Tucci,$15.10 ,5,$3.00 ,Big Night,$12.00 
Jon Turteltaub,$907.40 ,10,$90.70 ,National Treasure: Book of Secrets,$220.00 
David Twohy,$169.20 ,6,$28.20 ,The Chronicles of Riddick,$57.80 
Tom Tykwer,$68.20 ,8,$8.50 ,Cloud Atlas,$27.10 
Morten Tyldum,$192.50 ,4,$48.10 ,Passengers,$100.00 
Ron Underwood,$243.20 ,7,$34.70 ,City Slickers,$124.00 
Lee Unkrich,"$1,541.30 ",5,$308.30 ,Toy Story 3,$415.00 
Jean-Marc Vallee,$78.20 ,4,$19.50 ,Wild (2014),$37.90 
Gus Van Sant,$287.90 ,16,$18.00 ,Good Will Hunting,$138.40 
James Vanderbilt,$2.50 ,1,$2.50 ,Truth,$2.50 
Nia Vardalos,$11.0k,1,$11.0k,I Hate Valentine's Day,$11.0k
Tom Vaughan,$92.60 ,3,$30.90 ,What Happens in Vegas,$80.30 
Matthew Vaughn,$464.00 ,6,$77.30 ,X-Men: First Class,$146.40 
Malcolm Venville,$142k,2,$70.8k,Henry's Crime,$103k
Gore Verbinski,"$1,529.40 ",10,$152.90 ,Dead Man's Chest,$423.30 
Paul Verhoeven,$445.70 ,9,$49.50 ,Total Recall,$119.40 
Conrad Vernon,$953.70 ,4,$238.40 ,Shrek 2,$441.20 
Denis Villeneuve,$303.80 ,7,$43.40 ,Arrival,$100.50 
Jordan Vogt-Roberts,$169.40 ,2,$84.70 ,Kong: Skull Island,$168.10 
Lilly & Lana Wachowski,$714.60 ,7,$102.10 ,The Matrix Reloaded,$281.60 
Stewart Wade,$13.9k,2,$6.9k,Tru Loved,$9.5k
Jeff Wadlow,$101.90 ,4,$25.50 ,Truth or Dare,$38.20 
David Wain,$85.80 ,4,$21.50 ,Role Models,$67.30 
Taika Waititi,$324.20 ,5,$64.80 ,Thor: Ragnarok,$315.10 
Randall Wallace,$286.20 ,4,$71.60 ,Heaven is for Real,$91.40 
Melisa Wallack,$62.6k,1,$62.6k,Meet Bill,$62.6k
James Wan,$812.80 ,8,$101.60 ,Furious 7,$353.00 
Denzel Washington,$109.00 ,3,$36.30 ,Fences,$57.70 
Mark S. Waters,$475.90 ,10,$47.60 ,Freaky Friday,$110.20 
James Watkins,$54.40 ,3,$18.10 ,The Woman in Black,$54.30 
Ric Roman Waugh,$42.90 ,1,$42.90 ,Snitch,$42.90 
Scott Waugh,$113.60 ,2,$56.80 ,Act of Valor,$70.00 
Keenen Ivory Wayans,$400.20 ,6,$66.70 ,Scary Movie,$157.00 
Marc Webb,$522.70 ,5,$104.50 ,The Amazing Spider-Man,$262.00 
Chris Wedge,$445.50 ,4,$111.40 ,Ice Age,$176.40 
Robert B. Weide,$2.80 ,1,$2.80 ,How to Lose Friends and Alienate People,$2.80 
Peter Weir,$454.00 ,10,$45.40 ,Truman Show,$125.60 
Chris Weitz,$474.10 ,5,$94.80 ,New Moon,$296.60 
Paul Weitz,$449.00 ,10,$44.90 ,Little Fockers,$148.40 
John Wells,$55.80 ,3,$18.60 ,August: Osage County,$37.70 
Simon Wells,$222.50 ,6,$37.10 ,Prince of Egypt,$101.40 
Richard Wenk,$5.40 ,2,$2.70 ,Vamp,$4.90 
Simon West,$497.30 ,7,$71.00 ,Tomb Raider,$131.20 
Ti West,$348k,6,$58.1k,The House of the Devil,$101k
Wash Westmoreland,$21.30 ,4,$5.30 ,Still Alice,$18.80 
Leigh Whannell,$52.20 ,1,$52.20 ,Insidious Chapter 3,$52.20 
Joss Whedon,"$1,112.20 ",4,$278.10 ,The Avengers,$623.40 
Forest Whitaker,$136.20 ,3,$45.40 ,Waiting to Exhale,$67.10 
Erik White,$24.70 ,1,$24.70 ,Lottery Ticket,$24.70 
Mike White,$3.70 ,2,$1.80 ,Brad's Status,$2.10 
Stiles White,$50.90 ,1,$50.90 ,Ouija,$50.90 
Susanna White,$32.20 ,2,$16.10 ,Nanny McPhee Returns,$29.00 
John Whitesell,$213.50 ,6,$35.60 ,Big Momma's House 2,$70.20 
Gene Wilder,$33.30 ,2,$16.70 ,The Woman in Red,$25.30 
Chris Williams,$336.60 ,2,$168.30 ,Big Hero 6,$222.50 
Ryan Piers Williams,$11.8k,1,$11.8k,The Dry Land,$11.8k
Tod Williams,$88.70 ,3,$29.60 ,Paranormal Activity 2,$84.80 
Jim Wilson,$1.10 ,2,$548k,50 to 1,$1.10 
Luke Wilson,$127k,1,$127k,The Wendell Baker Story,$127k
Kurt Wimmer,$19.70 ,2,$9.90 ,Ultraviolet,$18.50 
Jason Winer,$33.00 ,1,$33.00 ,Arthur (2011),$33.00 
Adam Wingard,$39.60 ,3,$13.20 ,Blair Witch,$20.80 
Gary Winick,$255.20 ,7,$36.50 ,Charlotte's Web,$83.00 
Irwin Winkler,$118.00 ,7,$16.90 ,The Net,$50.70 
Michael Winterbottom,$20.90 ,20,$1.00 ,A Mighty Heart,$9.20 
Tommy Wirkola,$55.80 ,2,$27.90 ,Hansel and Gretel,$55.70 
Len Wiseman,$307.70 ,4,$76.90 ,Live Free or Die Hard,$134.50 
Fred Wolf,$54.80 ,2,$27.40 ,The House Bunny,$48.20 
James Wong,$160.70 ,4,$40.20 ,Final Destination 3,$54.10 
John Woo,$526.40 ,7,$75.20 ,Mission: Impossible II,$215.40 
Bille Woodruff,$93.70 ,4,$23.40 ,Beauty Shop,$36.40 
Dean Wright,$5.70 ,1,$5.70 ,For Greater Glory,$5.70 
Edgar Wright,$202.50 ,5,$40.50 ,Baby Driver,$107.80 
Joe Wright,$265.70 ,7,$38.00 ,Darkest Hour,$56.40 
Rupert Wyatt,$210.50 ,3,$70.20 ,Rise of the Planet of the Apes,$176.80 
Boaz Yakin,$221.90 ,7,$31.70 ,Remember the Titans,$115.70 
Bob Yari,$1.10 ,1,$1.10 ,Papa: Hemingway in Cuba,$1.10 
David Yates,"$1,631.60 ",6,$271.90 ,Harry Potter / Deathly Hallows (P2),$381.00 
Zhang Yimou,$131.00 ,16,$8.20 ,Hero,$53.70 
Ronny Yu,$151.40 ,5,$30.30 ,Freddy Vs. Jason,$82.60 
Jennifer Yuh Nelson,$308.80 ,2,$154.40 ,Kung Fu Panda 2,$165.20 
Justin Zackham,$21.80 ,1,$21.80 ,The Big Wedding,$21.80 
Steven Zaillian,$71.20 ,3,$23.70 ,A Civil Action,$56.70 
Benh Zeitlin,$12.80 ,1,$12.80 ,Beasts of the Southern Wild,$12.80 
Robert Zemeckis,"$2,092.80 ",18,$116.30 ,Forrest Gump,$330.30 
Rob Zombie,$123.30 ,6,$20.50 ,Halloween (2007),$58.30 
David Zucker,$571.50 ,10,$57.20 ,Scary Movie 3,$110.00 
Jerry Zucker,$487.40 ,6,$81.20 ,Ghost,$217.60 
Harald Zwart,$297.90 ,5,$59.60 ,The Karate Kid,$176.60 
Edward Zwick,$524.30 ,12,$43.70 ,The Last Samurai,$111.10 
